{
  "OpcodeDelays": {
    "addf": {
      "12": 0.1933961,
      "15": 0.13038693,
      "17": 0.31785572,
      "18": 0.26463458,
      "7": 0.093726665
    }
  }
}
