{
  "OpcodeDelays": {
    "addf": {
      "10": 0.0792206,
      "17": 0.31495985,
      "18": 0.30345982,
      "19": 0.30235976
    },
    "divf": {
      "15": 0.49310535,
      "30": 0.50689465
    },
    "multf": {
      "17": 0.2560219,
      "18": 0.7439781
    }
  }
}