{
  "OpcodeDelays": {
    "addf": {
      "15": 0.32012874,
      "16": 0.17584658,
      "18": 0.09027404,
      "20": 0.1431556,
      "22": 0.12484979,
      "24": 0.098345496,
      "30": 0.047399856
    },
    "divf": {
      "15": 0.49310535,
      "30": 0.50689465
    },
    "multf": {
      "17": 0.2560219,
      "18": 0.7439781
    }
  }
}