{
  "OpcodeDelays": {
    "addf": {
      "12": 0.1933961,
      "15": 0.13038693,
      "17": 0.31785572,
      "18": 0.26463458,
      "7": 0.093726665
    },
    "multf": {
      "13": 0.24271725,
      "18": 0.19295958,
      "20": 0.31759995,
      "9": 0.24672325
    }
  }
}